{"cameraMode":{"drawMode":0,"name":"Shaded","section":"Shading Mode"},"sceneLighting":true,"audioPlay":false,"sceneViewState":{"m_AlwaysRefresh":false,"showFog":true,"showSkybox":true,"showFlares":true,"showImageEffects":true,"showParticleSystems":true,"showVisualEffectGraphs":true,"m_FxEnabled":true},"in2DMode":false,"pivot":{"x":0.7204036712646484,"y":0.07652737200260163,"z":0.165525421500206},"rotation":{"x":0.005428990349173546,"y":-0.689914882183075,"z":0.005174460355192423,"w":0.72385174036026},"size":3.182286262512207,"orthographic":true}